{"Test Loss": [1.5017645359039307, 1.483680009841919, 1.4784759283065796, 1.4797245264053345, 1.474122405052185, 1.4742802381515503, 1.4720110893249512, 1.473042368888855, 1.4718488454818726, 1.469772458076477], "Test Accuracy": [0.937792956829071, 0.9549804925918579, 0.9599609375, 0.9579101800918579, 0.963574230670929, 0.96337890625, 0.9659180045127869, 0.964550793170929, 0.9654297232627869, 0.9681640863418579]}